AcclX,AcclY,AcclZ,MagX,MagY,MagZ,GyroX,GyroY,GyroZ,Roll,Pitch,Yaw,Time Elapsed(s)
0.4779,-0.3018,0.6984,-0.5307,0.4499,0.575,-0.6037,1.295,-2.6075,0,0,0,0.39961666666658857
0.4954,-0.3322,0.6844,-0.5307,0.4499,0.575,-0.6037,1.295,-2.6075,0,0,0,0.3998833333332641
0.4807,-0.32,0.6798,-0.5315,0.4512,0.575,-0.8838,0.9887,-1.7587,0,0,0,0.4001499999999396
0.4807,-0.32,0.6798,-0.5315,0.4512,0.575,0.0613,1.1812,-2.4675,0,0,0,0.40039999999999054
