AcclX,AcclY,AcclZ,MagX,MagY,MagZ,GyroX,GyroY,GyroZ,Roll,Pitch,Yaw,Time Elapsed(s)
0.4699,-0.2986,0.7027,-0.5323,0.4518,0.5668,-0.7788,0.4025,-2.3975,0,0,0,0.028866666666658602
0.4992,-0.3314,0.6945,-0.5323,0.4518,0.5668,0.0787,1.0237,-2.9838,0,0,0,0.02913333333333412
0.4992,-0.3314,0.6945,-0.5327,0.4505,0.5671,0.0787,1.0237,-1.5838,0,0,0,0.029383333333271366
0.4886,-0.3205,0.6837,-0.5327,0.4505,0.5671,-1.0325,0.8313,-1.5838,0,0,0,0.029383333333271366
0.4713,-0.3068,0.7184,-0.5327,0.4505,0.5671,-0.035,1.3212,-3.045,0,0,0,0.029649999999946886
